topic,subject,relation,object,question,output_llama_2_7b_chat_hf,eval_llama_2_7b_chat_hf,multiple_choices,paraphrased_question,multiple_choice_with_letters,multiple_choice_labels,yes_question,no_question,locality_question,reversed_relation_question,question_2hop,answer_2hop,question_3hop,answer_3hop,question_4hop,answer_4hop,question_5hop,answer_5hop,question_6hop,answer_6hop
geography_glacier,Bering Glacier,named after,Vitus Bering,Who was Bering Glacier named after?,Bering Glacier,0.0,"['Vitus Bering', 'Bering Glacier', 'James Cook', 'George Vancouver']",After whom was Bering Glacier named?,A. Bering Glacier  B. George Vancouver  C. James Cook  D. Vitus Bering,D,Was Bering Glacier named after Vitus Bering?,Was Bering Glacier named after Bering Glacier?,Where is Bering Glacier located?,Which glacier was named after Vitus Bering?,Who was the Bering Glacier named after?,Vitus Bering,What was the nationality of the person after whom the Bering Glacier was named?,Danish,"Which country did the Danish explorer, after whom the Bering Glacier was named, serve?",Russia,"Who was the ruler of the country that the Danish explorer, after whom the Bering Glacier was named, served?",Peter the Great,"In which century did the ruler, who was served by the Danish explorer after whom the Bering Glacier was named, reign?",18th century
geography_glacier,Glärnisch,key col,Klausen Pass,Who is the key col of Glärnisch?,Glärnisch: Gustav,0.0,"['Klausen Pass', 'Glärnisch: Gustav', 'Susten Pass', 'Gotthard Pass']",What is the key col of Glärnisch?,A. Gotthard Pass  B. Glärnisch: Gustav  C. Klausen Pass  D. Susten Pass,C,Is Klausen Pass the key col of Glärnisch?,Is Glärnisch: Gustav the key col of Glärnisch?,What is the elevation of Glärnisch?,Which mountain has Klausen Pass as its key col?,What is the elevation of the key col of Glärnisch?,"2,337 meters",Which mountain range is the key col of Glärnisch part of?,Glarus Alps,In which country is the mountain range that includes the key col of Glärnisch located?,Switzerland,What is the capital city of the country where the mountain range that includes the key col of Glärnisch is located?,Bern,Which river flows through the capital city of the country where the mountain range that includes the key col of Glärnisch is located?,Aare
geography_glacier,Bering Glacier,located in the administrative territorial entity,Alaska,What is the located in the administrative territorial entity of Bering Glacier?,Nunivak Island,0.0,"['Alaska', 'Nunivak Island', 'Kodiak Island', 'Prince of Wales Island']",In which administrative territorial entity is Bering Glacier located?,A. Kodiak Island  B. Nunivak Island  C. Alaska  D. Prince of Wales Island,C,Is Bering Glacier located in the administrative territorial entity of Alaska?,Is Bering Glacier located in the administrative territorial entity of Nunivak Island?,What is a well-known feature of Bering Glacier?,Where is Alaska located in relation to Bering Glacier?,What is the capital of the administrative territorial entity where Bering Glacier is located?,Juneau,Which country is the capital of the administrative territorial entity where Bering Glacier is located in?,United States,Who is the current president of the country where the capital of the administrative territorial entity that Bering Glacier is located in?,Joe Biden,What is the birth state of the current president of the country where the capital of the administrative territorial entity that Bering Glacier is located in?,Pennsylvania,What is the largest city in the birth state of the current president of the country where the capital of the administrative territorial entity that Bering Glacier is located in?,Philadelphia
geography_glacier,Portage Glacier,located in the administrative territorial entity,Alaska,What is the located in the administrative territorial entity of Portage Glacier?,Portage,0.0,"['Alaska', 'Portage', 'California', 'Montana']",In which administrative territorial entity is Portage Glacier located?,A. Alaska  B. California  C. Portage  D. Montana,A,Is Alaska the administrative territorial entity where Portage Glacier is located?,Is Portage the administrative territorial entity where Portage Glacier is located?,What is a famous natural feature of Portage Glacier?,What glacier is located in the administrative territorial entity of Alaska?,What is the largest city in the administrative territorial entity where Portage Glacier is located?,Anchorage,Which airport is the primary international gateway in the largest city of the administrative territorial entity where Portage Glacier is located?,Ted Stevens Anchorage International Airport,Which airline has a major hub at the primary international gateway in the largest city of the administrative territorial entity where Portage Glacier is located?,Alaska Airlines,What is the IATA code for the primary international gateway in the largest city of the administrative territorial entity where Portage Glacier is located?,ANC,Which country is home to the primary international gateway in the largest city of the administrative territorial entity where Portage Glacier is located?,United States
geography_glacier,Worthington Glacier,located in the administrative territorial entity,Alaska,What is the located in the administrative territorial entity of Worthington Glacier?,Worthington Glacier,0.0,"['Alaska', 'Worthington Glacier', 'Canada', 'Greenland']",In which administrative territorial entity is Worthington Glacier located?,A. Worthington Glacier  B. Canada  C. Alaska  D. Greenland,C,Is Alaska the administrative territorial entity where Worthington Glacier is located?,Is Worthington Glacier the administrative territorial entity where Worthington Glacier is located?,What is a well-known feature of Worthington Glacier?,What glacier is located in the administrative territorial entity of Alaska?,What is the capital of the administrative territorial entity where Worthington Glacier is located?,Juneau,Which country is the capital of the administrative territorial entity where Worthington Glacier is located in?,United States,Who is the current president of the country where the capital of the administrative territorial entity that contains Worthington Glacier is located?,Joe Biden,What is the birth state of the current president of the country where the capital of the administrative territorial entity that contains Worthington Glacier is located?,Pennsylvania,What is the largest city in the birth state of the current president of the country where the capital of the administrative territorial entity that contains Worthington Glacier is located?,Philadelphia
geography_glacier,Gangotri Glacier,located in the administrative territorial entity,Uttarkashi district,What is the located in the administrative territorial entity of Gangotri Glacier?,Uttarakhand,0.0,"['Uttarkashi district', 'Uttarakhand', 'Dehradun', 'Tehri Garhwal']",In which administrative territorial entity is the Gangotri Glacier located?,A. Tehri Garhwal  B. Dehradun  C. Uttarakhand  D. Uttarkashi district,D,Is the Gangotri Glacier located in the administrative territorial entity of Uttarkashi district?,Is the Gangotri Glacier located in the administrative territorial entity of Uttarakhand?,What is a famous feature of the Gangotri Glacier?,Which glacier is located in the administrative territorial entity of Uttarkashi district?,What is the capital of the administrative territorial entity where Gangotri Glacier is located?,Dehradun,Which river flows through the capital of the administrative territorial entity where Gangotri Glacier is located?,Ganges,What is the source of the river that flows through the capital of the administrative territorial entity where Gangotri Glacier is located?,Gangotri Glacier,Which mountain range is the source of the river that flows through the capital of the administrative territorial entity where Gangotri Glacier is located?,Himalayas,In which country is the mountain range located that is the source of the river flowing through the capital of the administrative territorial entity where Gangotri Glacier is located?,India
geography_glacier,Miage Glacier,located in the administrative territorial entity,Courmayeur,What is the located in the administrative territorial entity of Miage Glacier?,Miage Glacier,0.0,"['Courmayeur', 'Miage Glacier', 'Chamonix', 'Aosta']",In which administrative territorial entity is Miage Glacier located?,A. Courmayeur  B. Miage Glacier  C. Aosta  D. Chamonix,A,Is Miage Glacier located in the administrative territorial entity of Courmayeur?,Is Miage Glacier located in the administrative territorial entity of Miage Glacier?,What is a popular tourist activity in Courmayeur?,What glacier is located in the administrative territorial entity of Courmayeur?,What is the capital of the administrative territorial entity where Miage Glacier is located?,Aosta,Which country is the capital of the administrative territorial entity where Miage Glacier is located in?,Italy,What is the official language of the country where the capital of the administrative territorial entity that Miage Glacier is located in?,Italian,What is the population of the country where the official language is Italian and the capital of the administrative territorial entity that Miage Glacier is located in?,Approximately 60 million,What is the currency used in the country with a population of approximately 60 million where the official language is Italian and the capital of the administrative territorial entity that Miage Glacier is located in?,Euro
geography_glacier,Argentière Glacier,located in the administrative territorial entity,Chamonix-Mont-Blanc,What is the located in the administrative territorial entity of Argentière Glacier?,Argentière,0.0,"['Chamonix-Mont-Blanc', 'Argentière', 'Mont Blanc', 'Haute-Savoie']",In which administrative territorial entity is the Argentière Glacier situated?,A. Chamonix-Mont-Blanc  B. Argentière  C. Mont Blanc  D. Haute-Savoie,A,Is the Argentière Glacier located in the administrative territorial entity of Chamonix-Mont-Blanc?,Is the Argentière Glacier located in the administrative territorial entity of Argentière?,What is a famous mountain near the Argentière Glacier?,Which glacier is located in the administrative territorial entity of Chamonix-Mont-Blanc?,What is the capital of the administrative territorial entity where the Argentière Glacier is located?,Annecy,Which river flows through the capital of the administrative territorial entity where the Argentière Glacier is located?,Thiou,Into which lake does the river that flows through the capital of the administrative territorial entity where the Argentière Glacier is located empty?,Lake Annecy,What is the surface area of the lake into which the river flows that passes through the capital of the administrative territorial entity where the Argentière Glacier is located?,27.59 square kilometers,In which country is the lake located that has a surface area of 27.59 square kilometers and receives water from the river flowing through the capital of the administrative territorial entity where the Argentière Glacier is located?,France
geography_glacier,Skelton Glacier,mountain range,Royal Society Range,What is the mountain range of Skelton Glacier?,The Skelton Glacier is located in the Coast Mountains of British Columbia,0.0,"['Royal Society Range', 'The Skelton Glacier is located in the Coast Mountains of British Columbia', 'Transantarctic Mountains', 'Ellsworth Mountains']",Which mountain range does Skelton Glacier belong to?,A. Ellsworth Mountains  B. Transantarctic Mountains  C. Royal Society Range  D. The Skelton Glacier is located in the Coast Mountains of British Columbia,C,Is the mountain range of Skelton Glacier the Royal Society Range?,Is the mountain range of Skelton Glacier the Coast Mountains of British Columbia?,What continent is Skelton Glacier located on?,Which glacier is part of the Royal Society Range?,What is the name of the mountain range where Skelton Glacier is located?,Transantarctic Mountains,Which continent is the mountain range that contains Skelton Glacier located on?,Antarctica,What is the name of the largest ice sheet on the continent where the mountain range containing Skelton Glacier is located?,East Antarctic Ice Sheet,Which ocean borders the continent that contains the mountain range where Skelton Glacier is located?,Southern Ocean,What is the name of the treaty that governs international relations on the continent where the mountain range containing Skelton Glacier is located?,Antarctic Treaty
geography_glacier,Skelton Glacier,named after,Skelton Inlet,What was Skelton Glacier named after?,Skelton Glacier,0.0,"['Skelton Inlet', 'Skelton Glacier', 'Ross Ice Shelf', 'Byrd Glacier']",What is the namesake of Skelton Glacier?,A. Ross Ice Shelf  B. Byrd Glacier  C. Skelton Inlet  D. Skelton Glacier,C,Was Skelton Glacier named after Skelton Inlet?,Was Skelton Glacier named after Skelton Glacier?,Where is Skelton Glacier located?,What is named after Skelton Inlet?,Who is Skelton Glacier named after?,Reginald Skelton,What was the profession of the person Skelton Glacier is named after?,Engineer,"Which expedition was the engineer, after whom Skelton Glacier is named, a part of?",Discovery Expedition,"Who led the Discovery Expedition that the engineer, after whom Skelton Glacier is named, was a part of?",Robert Falcon Scott,What was the primary goal of the Discovery Expedition led by Robert Falcon Scott?,Scientific research and exploration of Antarctica
geography_glacier,Juneau Icefield,has part(s),Devils Paw,What does Juneau Icefield have part(s )?,Glaciers,0.0,"['Devils Paw', 'Glaciers', 'Mendenhall Glacier', 'Taku Glacier']",What is a part of the Juneau Icefield?,A. Taku Glacier  B. Mendenhall Glacier  C. Glaciers  D. Devils Paw,D,Does Juneau Icefield have Devils Paw as a part?,Does Juneau Icefield have Glaciers as a part?,What is a well-known feature of the Juneau Icefield?,What is Devils Paw a part of?,What is a notable glacier that is part of the Juneau Icefield?,Mendenhall Glacier,"Which national forest is the Mendenhall Glacier, a part of the Juneau Icefield, located in?",Tongass National Forest,"In which U.S. state is the Tongass National Forest, where the Mendenhall Glacier is located, situated?",Alaska,What is the capital city of the U.S. state where the Tongass National Forest is located?,Juneau,"Which country is home to the capital city of Juneau, where the Tongass National Forest is located?",United States
geography_glacier,Baltoro Glacier,located in the administrative territorial entity,Gilgit-Baltistan,What is the located in the administrative territorial entity of Baltoro Glacier?,Concordia,0.0,"['Gilgit-Baltistan', 'Concordia', 'Khyber Pakhtunkhwa', 'Punjab']",In which administrative territorial entity is Baltoro Glacier located?,A. Khyber Pakhtunkhwa  B. Concordia  C. Punjab  D. Gilgit-Baltistan,D,Is Baltoro Glacier located in Gilgit-Baltistan?,Is Baltoro Glacier located in Concordia?,What is a famous mountain range associated with Baltoro Glacier?,Which glacier is located in the administrative territorial entity of Gilgit-Baltistan?,What is the capital of the administrative territorial entity where Baltoro Glacier is located?,Skardu,Which river flows near the capital of the administrative territorial entity where Baltoro Glacier is located?,Indus River,In which country is the river that flows near the capital of the administrative territorial entity where Baltoro Glacier is located?,Pakistan,What is the official language of the country where the river flows near the capital of the administrative territorial entity where Baltoro Glacier is located?,Urdu,What is the script used to write the official language of the country where the river flows near the capital of the administrative territorial entity where Baltoro Glacier is located?,Perso-Arabic script
geography_glacier,Columbia Glacier,located in the administrative territorial entity,Alaska,What is the located in the administrative territorial entity of Columbia Glacier?,Columbia Glacier,0.0,"['Alaska', 'Columbia Glacier', 'Canada', 'Greenland']",In which administrative territorial entity is Columbia Glacier located?,A. Alaska  B. Canada  C. Columbia Glacier  D. Greenland,A,Is Columbia Glacier located in the administrative territorial entity of Alaska?,Is Columbia Glacier located in the administrative territorial entity of Columbia Glacier?,What is a well-known feature of Columbia Glacier?,Where is Alaska located in relation to Columbia Glacier?,What is the capital of the administrative territorial entity where Columbia Glacier is located?,Juneau,Which country is the capital of the administrative territorial entity where Columbia Glacier is located in?,United States,Who is the current president of the country where the capital of the administrative territorial entity that Columbia Glacier is located in?,Joe Biden,What is the birth state of the current president of the country where the capital of the administrative territorial entity that Columbia Glacier is located in?,Pennsylvania,What is the largest city in the birth state of the current president of the country where the capital of the administrative territorial entity that Columbia Glacier is located in?,Philadelphia
geography_glacier,Öræfajökull,time period,Pleistocene,What is the time period of Öræfajökull?,Eighteen hundred years,0.0,"['Pleistocene', 'Eighteen hundred years', 'Holocene', 'Jurassic']",During which time period did Öræfajökull form?,A. Holocene  B. Pleistocene  C. Eighteen hundred years  D. Jurassic,B,Is the time period of Öræfajökull the Pleistocene?,Is the time period of Öræfajökull eighteen hundred years?,What type of geological feature is Öræfajökull known for?,Which geological feature's time period is the Pleistocene?,During which time period did the last major eruption of Öræfajökull occur?,1727-1728,Which century did the last major eruption of Öræfajökull occur in?,18th century,Which historical event occurred in the same century as the last major eruption of Öræfajökull?,American Revolution,Who was a prominent leader during the historical event that occurred in the same century as the last major eruption of Öræfajökull?,George Washington,Which country did the prominent leader during the historical event that occurred in the same century as the last major eruption of Öræfajökull lead?,United States
geography_glacier,Biafo Glacier,located in the administrative territorial entity,Gilgit-Baltistan,What is the located in the administrative territorial entity of Biafo Glacier?,Skardu,0.0,"['Gilgit-Baltistan', 'Skardu', 'Khyber Pakhtunkhwa', 'Punjab']",In which administrative territorial entity is Biafo Glacier located?,A. Gilgit-Baltistan  B. Khyber Pakhtunkhwa  C. Punjab  D. Skardu,A,Is Biafo Glacier located in the administrative territorial entity of Gilgit-Baltistan?,Is Biafo Glacier located in the administrative territorial entity of Skardu?,What is a well-known feature of Biafo Glacier?,Which glacier is located in the administrative territorial entity of Gilgit-Baltistan?,What is the capital of the administrative territorial entity where Biafo Glacier is located?,Gilgit,Which river flows through the capital of the administrative territorial entity where Biafo Glacier is located?,Gilgit River,Which major river is the Gilgit River a tributary of?,Indus River,In which country does the major river that the Gilgit River is a tributary of flow?,Pakistan,What is the official language of the country where the major river that the Gilgit River is a tributary of flows?,Urdu
geography_glacier,Öræfajökull,located in the administrative territorial entity,Sveitarfélagið Hornafjörður,Who is the located in the administrative territorial entity of Öræfajökull?,Vik,0.0,"['Sveitarfélagið Hornafjörður', 'Vik', 'Reykjavík', 'Akureyri']",Which administrative territorial entity is Öræfajökull located in?,A. Sveitarfélagið Hornafjörður  B. Akureyri  C. Vik  D. Reykjavík,A,Is Öræfajökull located in the administrative territorial entity of Sveitarfélagið Hornafjörður?,Is Öræfajökull located in the administrative territorial entity of Vik?,What is a well-known feature of Öræfajökull?,What is located in Sveitarfélagið Hornafjörður?,What is the capital of the administrative territorial entity where Öræfajökull is located?,Reykjavík,Which country is the capital of the administrative territorial entity where Öræfajökull is located in?,Iceland,What is the official language of the country where the capital of the administrative territorial entity that contains Öræfajökull is located?,Icelandic,What is the currency used in the country where the official language is Icelandic?,Icelandic króna,What is the ISO 3166-1 alpha-2 code for the country that uses the Icelandic króna?,IS
geography_glacier,Taku Glacier,located in the administrative territorial entity,Alaska,What is the located in the administrative territorial entity of Taku Glacier?,Taku Glacier,0.0,"['Alaska', 'Taku Glacier', 'Canada', 'Greenland']",In which administrative territorial entity is Taku Glacier located?,A. Greenland  B. Alaska  C. Taku Glacier  D. Canada,B,Is Taku Glacier located in the administrative territorial entity of Alaska?,Is Taku Glacier located in the administrative territorial entity of Taku Glacier?,What is a well-known feature of Taku Glacier?,Where is Alaska located in relation to Taku Glacier?,What is the capital of the administrative territorial entity where Taku Glacier is located?,Juneau,Which country is the capital of the administrative territorial entity where Taku Glacier is located in?,United States,Who is the current president of the country where the capital of the administrative territorial entity that Taku Glacier is located in?,Joe Biden,What is the birth state of the current president of the country where the capital of the administrative territorial entity that Taku Glacier is located in?,Pennsylvania,What is the largest city in the birth state of the current president of the country where the capital of the administrative territorial entity that Taku Glacier is located in?,Philadelphia
geography_glacier,Öræfajökull,highest point,Hvannadalshnúkur,What is the highest point of Öræfajökull?,Hvannadalshnjúur,0.0,"['Hvannadalshnúkur', 'Hvannadalshnjúur', 'Snæfellsjökull', 'Eyjafjallajökull']",What is the peak elevation of Öræfajökull?,A. Hvannadalshnúkur  B. Eyjafjallajökull  C. Hvannadalshnjúur  D. Snæfellsjökull,A,Is Hvannadalshnúkur the highest point of Öræfajökull?,Is Hvannadalshnjúur the highest point of Öræfajökull?,What type of geological feature is Öræfajökull?,Which mountain has Hvannadalshnúkur as its highest point?,What is the name of the highest point of Öræfajökull?,Hvannadalshnúkur,In which national park is the highest point of Öræfajökull located?,Vatnajökull National Park,In which country is the national park located that contains the highest point of Öræfajökull?,Iceland,What is the capital city of the country where the national park containing the highest point of Öræfajökull is located?,Reykjavík,Which ocean is closest to the country where the national park containing the highest point of Öræfajökull is located?,Atlantic Ocean
geography_glacier,Öræfajökull,located in protected area,Vatnajökull National Park,What is the located in protected area of Öræfajökull?,Glacier,0.0,"['Vatnajökull National Park', 'Glacier', 'Thingvellir National Park', 'Snæfellsjökull National Park']",In which protected area is Öræfajökull located?,A. Vatnajökull National Park  B. Snæfellsjökull National Park  C. Glacier  D. Thingvellir National Park,A,Is Öræfajökull located in Vatnajökull National Park?,Is Öræfajökull located in Glacier?,What type of geological feature is Öræfajökull?,Which mountain glacier is located in Vatnajökull National Park?,What is the name of the national park that Öræfajökull is located in?,Vatnajökull National Park,Which country is Vatnajökull National Park located in?,Iceland,What is the capital city of the country where Vatnajökull National Park is located?,Reykjavik,Which ocean is closest to the capital city of the country where Vatnajökull National Park is located?,Atlantic Ocean,What is the name of the tectonic plate that the country where Vatnajökull National Park is located sits on?,Eurasian Plate
geography_glacier,Taku Glacier,mountain range,Boundary Ranges,What is the mountain range of Taku Glacier?,St. Elias,0.0,"['Boundary Ranges', 'St. Elias', 'Rocky Mountains', 'Coast Mountains']",Which mountain range does Taku Glacier belong to?,A. Rocky Mountains  B. Boundary Ranges  C. St. Elias  D. Coast Mountains,B,Is the mountain range of Taku Glacier the Boundary Ranges?,Is the mountain range of Taku Glacier St. Elias?,What is a notable feature of Taku Glacier?,Which glacier is part of the Boundary Ranges?,What is the highest peak in the mountain range that Taku Glacier is part of?,Fairweather Mountain,Which national park is home to the highest peak in the mountain range that Taku Glacier is part of?,Glacier Bay National Park and Preserve,In which state is the national park located that is home to the highest peak in the mountain range that Taku Glacier is part of?,Alaska,Which country is the state located in that contains the national park home to the highest peak in the mountain range that Taku Glacier is part of?,United States,What is the capital city of the country where the state is located that contains the national park home to the highest peak in the mountain range that Taku Glacier is part of?,"Washington, D.C."
geography_glacier,Svartisen,located in protected area,Saltfjellet–Svartisen National Park,What is the located in protected area of Svartisen?,Ice cave,0.0,"['Saltfjellet–Svartisen National Park', 'Ice cave', 'Jotunheimen National Park', 'Hardangervidda National Park']",In which protected area is Svartisen located?,A. Jotunheimen National Park  B. Ice cave  C. Saltfjellet–Svartisen National Park  D. Hardangervidda National Park,C,Is Svartisen located in Saltfjellet–Svartisen National Park?,Is Svartisen located in an Ice cave?,What is a notable feature of Svartisen?,Which glacier is located in Saltfjellet–Svartisen National Park?,What is the name of the national park where Svartisen is located?,Saltfjellet-Svartisen National Park,Which country is the national park that contains Svartisen located in?,Norway,What is the capital city of the country where the national park containing Svartisen is located?,Oslo,Which continent is the country located in that has the national park containing Svartisen?,Europe,What is the population of the capital city of the country where the national park containing Svartisen is located?,"Approximately 700,000"
geography_glacier,Giétro Glacier,mountain range,Pennine Alps,What is the mountain range of Giétro Glacier?,The mountain range of Giétro Glacier is the Alps,0.0,"['Pennine Alps', 'The mountain range of Giétro Glacier is the Alps', 'Swiss Alps', 'Bernese Alps']",Which mountain range does Giétro Glacier belong to?,A. Pennine Alps  B. Swiss Alps  C. The mountain range of Giétro Glacier is the Alps  D. Bernese Alps,A,Is the mountain range of Giétro Glacier the Pennine Alps?,Is the mountain range of Giétro Glacier the Alps?,In which country is Giétro Glacier located?,Which glacier is part of the Pennine Alps?,What is the highest peak in the mountain range where Giétro Glacier is located?,Grand Combin,Which country is home to the highest peak in the mountain range where Giétro Glacier is located?,Switzerland,What is the official language spoken in the country that is home to the highest peak in the mountain range where Giétro Glacier is located?,German,What is the capital city of the country where the official language is German and which is home to the highest peak in the mountain range where Giétro Glacier is located?,Bern,Which river flows through the capital city of the country where the official language is German and which is home to the highest peak in the mountain range where Giétro Glacier is located?,Aare
geography_glacier,Hispar Glacier,located in the administrative territorial entity,Gilgit-Baltistan,What is the located in the administrative territorial entity of Hispar Glacier?,Hispar Glacier,0.0,"['Gilgit-Baltistan', 'Hispar Glacier', 'Khyber Pakhtunkhwa', 'Punjab']",In which administrative territorial entity is Hispar Glacier located?,A. Gilgit-Baltistan  B. Punjab  C. Khyber Pakhtunkhwa  D. Hispar Glacier,A,Is Hispar Glacier located in the administrative territorial entity of Gilgit-Baltistan?,Is Hispar Glacier located in the administrative territorial entity of Hispar Glacier?,What is a famous mountain range near Hispar Glacier?,Which glacier is located in the administrative territorial entity of Gilgit-Baltistan?,What is the capital of the administrative territorial entity where Hispar Glacier is located?,Gilgit,Which river flows through the capital of the administrative territorial entity where Hispar Glacier is located?,Gilgit River,Into which larger river does the river that flows through the capital of the administrative territorial entity where Hispar Glacier is located eventually merge?,Indus River,"Which sea does the larger river, into which the river flowing through the capital of the administrative territorial entity where Hispar Glacier is located, ultimately empty into?",Arabian Sea,"Which ocean is the sea, into which the larger river that merges with the river flowing through the capital of the administrative territorial entity where Hispar Glacier is located, a part of?",Indian Ocean
geography_glacier,Drygalski Glacier,named after,Erich von Drygalski,Who was Drygalski Glacier named after?,Drygalski Glacier,0.0,"['Erich von Drygalski', 'Drygalski Glacier', 'Alfred Wegener', 'Roald Amundsen']",Who is the namesake of Drygalski Glacier?,A. Alfred Wegener  B. Drygalski Glacier  C. Roald Amundsen  D. Erich von Drygalski,D,Was Drygalski Glacier named after Erich von Drygalski?,Was Drygalski Glacier named after Drygalski Glacier?,Where is Drygalski Glacier located?,Which glacier is named after Erich von Drygalski?,Who was the Drygalski Glacier named after?,Erich von Drygalski,What was the profession of the person Drygalski Glacier was named after?,Geographer and Polar Scientist,"Which university did the geographer and polar scientist, after whom Drygalski Glacier was named, work at?",Ludwig Maximilian University of Munich,In which city is the Ludwig Maximilian University of Munich located?,Munich,In which country is the city located where the Ludwig Maximilian University of Munich is situated?,Germany
geography_glacier,Athabasca Glacier,located in protected area,Jasper National Park,What is the located in protected area of Athabasca Glacier?,Ice,0.0,"['Jasper National Park', 'Ice', 'Banff National Park', 'Yoho National Park']",In which protected area is the Athabasca Glacier located?,A. Yoho National Park  B. Banff National Park  C. Jasper National Park  D. Ice,C,Is the Athabasca Glacier located in Jasper National Park?,Is the Athabasca Glacier located in Ice?,What is a well-known feature of the Athabasca Glacier?,What glacier is located in Jasper National Park?,What is the name of the national park where the Athabasca Glacier is located?,Jasper National Park,Which mountain range is Jasper National Park a part of?,Canadian Rockies,In which province are the Canadian Rockies located?,Alberta,What is the capital city of the province where the Canadian Rockies are located?,Edmonton,Which country is the capital city Edmonton located in?,Canada
geography_glacier,Athabasca Glacier,origin of the watercourse,Columbia Icefield,What is the origin of the watercourse of Athabasca Glacier?,Athabasca,0.0,"['Columbia Icefield', 'Athabasca', 'Rocky Mountains', 'Jasper National Park']",Where does the watercourse of Athabasca Glacier originate?,A. Rocky Mountains  B. Jasper National Park  C. Columbia Icefield  D. Athabasca,C,Is the origin of the watercourse of Athabasca Glacier the Columbia Icefield?,Is the origin of the watercourse of Athabasca Glacier Athabasca?,In which national park is the Athabasca Glacier located?,What glacier has its watercourse originating from the Columbia Icefield?,Which river originates from the Athabasca Glacier?,Athabasca River,Which lake does the river that originates from the Athabasca Glacier flow into?,Lake Athabasca,"Which province is the lake located in that the river flows into, which originates from the Athabasca Glacier?",Alberta,"What is the capital city of the province where the lake is located that the river flows into, which originates from the Athabasca Glacier?",Edmonton,"Which country is the capital city located in, where the province is situated that contains the lake the river flows into, which originates from the Athabasca Glacier?",Canada
geography_glacier,Athabasca Glacier,located in the administrative territorial entity,Alberta,What is the located in the administrative territorial entity of Athabasca Glacier?,Athabasca,0.0,"['Alberta', 'Athabasca', 'British Columbia', 'Saskatchewan']",In which administrative territorial entity is Athabasca Glacier located?,A. Alberta  B. British Columbia  C. Athabasca  D. Saskatchewan,A,Is Athabasca Glacier located in the administrative territorial entity of Alberta?,Is Athabasca Glacier located in the administrative territorial entity of Athabasca?,What is a well-known feature of Athabasca Glacier?,Which glacier is located in the administrative territorial entity of Alberta?,What is the capital city of the administrative territorial entity where Athabasca Glacier is located?,Edmonton,Which river flows through the capital city of the administrative territorial entity where Athabasca Glacier is located?,North Saskatchewan River,What is the length of the river that flows through the capital city of the administrative territorial entity where Athabasca Glacier is located?,"1,287 kilometers",Into which larger body of water does the river that flows through the capital city of the administrative territorial entity where Athabasca Glacier is located ultimately drain?,Hudson Bay,Which ocean is connected to the larger body of water into which the river that flows through the capital city of the administrative territorial entity where Athabasca Glacier is located ultimately drains?,Arctic Ocean
geography_glacier,Bossons Glacier,located in the administrative territorial entity,Chamonix-Mont-Blanc,What is the located in the administrative territorial entity of Bossons Glacier?,Bossons Station,0.0,"['Chamonix-Mont-Blanc', 'Bossons Station', 'Mont Blanc', 'Geneva']",In which administrative territorial entity is Bossons Glacier located?,A. Geneva  B. Chamonix-Mont-Blanc  C. Bossons Station  D. Mont Blanc,B,Is Bossons Glacier located in the administrative territorial entity of Chamonix-Mont-Blanc?,Is Bossons Glacier located in the administrative territorial entity of Bossons Station?,What mountain is closely associated with Bossons Glacier?,Which glacier is located in the administrative territorial entity of Chamonix-Mont-Blanc?,What is the country where the administrative territorial entity that Bossons Glacier is located in?,France,What is the capital city of the country where the administrative territorial entity that Bossons Glacier is located in?,Paris,Which river flows through the capital city of the country where the administrative territorial entity that Bossons Glacier is located in?,Seine,What is the length of the river that flows through the capital city of the country where the administrative territorial entity that Bossons Glacier is located in?,777 kilometers,Into which body of water does the river that flows through the capital city of the country where the administrative territorial entity that Bossons Glacier is located in empty?,English Channel
geography_glacier,Frostisen,country,Norway,What is the country of Frostisen?,Frostisen does not exist as a real country,0.0,"['Norway', 'Frostisen does not exist as a real country', 'Sweden', 'Finland']",Which country is Frostisen located in?,A. Finland  B. Frostisen does not exist as a real country  C. Norway  D. Sweden,C,Is the country of Frostisen Norway?,Is the country of Frostisen Frostisen does not exist as a real country?,What is a famous glacier in Norway?,What is located in Norway that is named Frostisen?,What is the capital of the country where Frostisen is located?,Oslo,Which famous landmark is located in the capital of the country where Frostisen is located?,The Royal Palace,Who resides in the famous landmark located in the capital of the country where Frostisen is located?,The Norwegian Royal Family,What is the name of the current monarch of the country where Frostisen is located?,King Harald V,In which year did the current monarch of the country where Frostisen is located ascend to the throne?,1991
geography_glacier,Unteraar Glacier,located in the administrative territorial entity,Bern,What is the located in the administrative territorial entity of Unteraar Glacier?,Glacier,0.0,"['Bern', 'Glacier', 'Zurich', 'Geneva']",In which administrative territorial entity is the Unteraar Glacier located?,A. Geneva  B. Zurich  C. Bern  D. Glacier,C,Is Bern the administrative territorial entity where the Unteraar Glacier is located?,Is Glacier the administrative territorial entity where the Unteraar Glacier is located?,What is a well-known feature of the Unteraar Glacier?,What glacier is located in the administrative territorial entity of Bern?,What is the capital of the administrative territorial entity where the Unteraar Glacier is located?,Bern,Which river flows through the capital of the administrative territorial entity where the Unteraar Glacier is located?,Aare,What is the length of the river that flows through the capital of the administrative territorial entity where the Unteraar Glacier is located?,295 kilometers,Into which larger body of water does the river that flows through the capital of the administrative territorial entity where the Unteraar Glacier is located eventually flow?,Rhine,"In which country is the larger body of water located that the river flows into, which passes through the capital of the administrative territorial entity where the Unteraar Glacier is located?",Germany
geography_glacier,Malaspina Glacier,located in protected area,Wrangell–St. Elias National Park and Preserve,What is the located in protected area of Malaspina Glacier?,Lake Alberty,0.0,"['Wrangell–St. Elias National Park and Preserve', 'Lake Alberty', 'Denali National Park', 'Glacier Bay National Park']",In which protected area is Malaspina Glacier located?,A. Wrangell–St. Elias National Park and Preserve  B. Glacier Bay National Park  C. Denali National Park  D. Lake Alberty,A,Is Malaspina Glacier located in Wrangell–St. Elias National Park and Preserve?,Is Malaspina Glacier located in Lake Alberty?,What is a notable feature of Malaspina Glacier?,Which glacier is located in Wrangell–St. Elias National Park and Preserve?,Which national park is the Malaspina Glacier located in?,Wrangell-St. Elias National Park and Preserve,In which state is the national park that contains the Malaspina Glacier located?,Alaska,Which country is the state located in that contains the national park where the Malaspina Glacier is situated?,United States,What is the capital city of the country where the state is located that contains the national park with the Malaspina Glacier?,"Washington, D.C.",Which river flows through the capital city of the country where the state is located that contains the national park with the Malaspina Glacier?,Potomac River
geography_glacier,Malaspina Glacier,named after,Alessandro Malaspina of Mulazzo,Who was Malaspina Glacier named after?,Malaspina Glacier - Alejandro Malaspina,0.0,"['Alessandro Malaspina of Mulazzo', 'Malaspina Glacier - Alejandro Malaspina', 'Giovanni Caboto', 'Amerigo Vespucci']",What is the name of the person after whom Malaspina Glacier was named?,A. Alessandro Malaspina of Mulazzo  B. Giovanni Caboto  C. Malaspina Glacier - Alejandro Malaspina  D. Amerigo Vespucci,A,Was Malaspina Glacier named after Alessandro Malaspina of Mulazzo?,Was Malaspina Glacier named after Malaspina Glacier - Alejandro Malaspina?,Where is Malaspina Glacier located?,Which glacier was named after Alessandro Malaspina of Mulazzo?,Who was the Malaspina Glacier named after?,Alessandro Malaspina,What was the profession of the person after whom the Malaspina Glacier was named?,Explorer,Which country did the explorer after whom the Malaspina Glacier was named represent?,Spain,In which century did the explorer who the Malaspina Glacier was named after conduct his explorations?,18th century,"Which ocean did the explorer, after whom the Malaspina Glacier was named, explore during his expeditions?",Pacific Ocean
geography_glacier,Malaspina Glacier,located in the administrative territorial entity,Alaska,What is the located in the administrative territorial entity of Malaspina Glacier?,Malaspina Glacier,0.0,"['Alaska', 'Malaspina Glacier', 'Canada', 'Greenland']",In which administrative territorial entity is Malaspina Glacier located?,A. Alaska  B. Malaspina Glacier  C. Greenland  D. Canada,A,Is Alaska the administrative territorial entity where Malaspina Glacier is located?,Is Malaspina Glacier the administrative territorial entity where Malaspina Glacier is located?,What is a well-known feature of Malaspina Glacier?,What glacier is located in the administrative territorial entity of Alaska?,What is the capital of the administrative territorial entity where Malaspina Glacier is located?,Juneau,Which country is the capital of the administrative territorial entity where Malaspina Glacier is located in?,United States,Who is the current president of the country where the capital of the administrative territorial entity that contains Malaspina Glacier is located?,Joe Biden,What is the political party of the current president of the country where the capital of the administrative territorial entity that contains Malaspina Glacier is located?,Democratic Party,Who was the predecessor of the current president of the country where the capital of the administrative territorial entity that contains Malaspina Glacier is located?,Donald Trump
geography_glacier,Grinnell Glacier,located in the administrative territorial entity,Montana,What is the located in the administrative territorial entity of Grinnell Glacier?,Grinnell Glacier,0.0,"['Montana', 'Grinnell Glacier', 'Wyoming', 'Idaho']",In which administrative territorial entity is Grinnell Glacier located?,A. Grinnell Glacier  B. Idaho  C. Wyoming  D. Montana,D,Is Montana the administrative territorial entity where Grinnell Glacier is located?,Is Grinnell Glacier the administrative territorial entity where Grinnell Glacier is located?,What national park is Grinnell Glacier a part of?,What glacier is located in the administrative territorial entity of Montana?,What is the national park where Grinnell Glacier is located?,Glacier National Park,In which state is Glacier National Park located?,Montana,What is the capital city of the state where Glacier National Park is located?,Helena,Which county is the capital city of the state where Glacier National Park is located in?,Lewis and Clark County,What is the population of the county where the capital city of the state containing Glacier National Park is located?,"Approximately 69,000"
geography_glacier,Grinnell Glacier,located in protected area,Glacier National Park,What is the located in protected area of Grinnell Glacier?,Lake,0.0,"['Glacier National Park', 'Lake', 'Yellowstone National Park', 'Rocky Mountain National Park']",Where is Grinnell Glacier located in terms of protected areas?,A. Rocky Mountain National Park  B. Yellowstone National Park  C. Glacier National Park  D. Lake,C,Is Grinnell Glacier located in Glacier National Park?,Is Grinnell Glacier located in Lake?,What is a notable feature of Grinnell Glacier?,What protected area is Glacier National Park located in?,What is the name of the national park where Grinnell Glacier is located?,Glacier National Park,"In which state is Glacier National Park, where Grinnell Glacier is located, situated?",Montana,"Which country is home to the state of Montana, where Glacier National Park and Grinnell Glacier are located?",United States,"What is the capital city of the country that is home to the state of Montana, where Glacier National Park and Grinnell Glacier are located?","Washington, D.C.","Which river flows through the capital city of the country that is home to the state of Montana, where Glacier National Park and Grinnell Glacier are located?",Potomac River
geography_glacier,Fedchenko Glacier,located in the administrative territorial entity,Gorno-Badakhshan Autonomous Region,What is the located in the administrative territorial entity of Fedchenko Glacier?,Fedchenko Glacier,0.0,"['Gorno-Badakhshan Autonomous Region', 'Fedchenko Glacier', 'Pamir Mountains', 'Tajikistan']",In which administrative territorial entity is Fedchenko Glacier located?,A. Fedchenko Glacier  B. Tajikistan  C. Gorno-Badakhshan Autonomous Region  D. Pamir Mountains,C,Is Fedchenko Glacier located in the Gorno-Badakhshan Autonomous Region?,Is Fedchenko Glacier located in Fedchenko Glacier?,What mountain range is Fedchenko Glacier part of?,Which glacier is located in the administrative territorial entity of Gorno-Badakhshan Autonomous Region?,What is the capital of the administrative territorial entity where Fedchenko Glacier is located?,Dushanbe,Which river flows through the capital of the administrative territorial entity where Fedchenko Glacier is located?,Varzob River,What is the length of the river that flows through the capital of the administrative territorial entity where Fedchenko Glacier is located?,75 kilometers,Which mountain range is the source of the river that flows through the capital of the administrative territorial entity where Fedchenko Glacier is located?,Gissar Range,In which country is the mountain range located that is the source of the river flowing through the capital of the administrative territorial entity where Fedchenko Glacier is located?,Tajikistan
geography_glacier,Fedchenko Glacier,mountain range,Akademiya Nauk Range,What is the mountain range of Fedchenko Glacier?,Tian Shan,0.0,"['Akademiya Nauk Range', 'Tian Shan', 'Himalayas', 'Andes']",Which mountain range is Fedchenko Glacier located in?,A. Himalayas  B. Andes  C. Tian Shan  D. Akademiya Nauk Range,D,Is the mountain range of Fedchenko Glacier the Akademiya Nauk Range?,Is the mountain range of Fedchenko Glacier the Tian Shan?,What is the length of the Fedchenko Glacier?,Which glacier is located in the Akademiya Nauk Range?,What is the highest peak in the mountain range where Fedchenko Glacier is located?,Ismoil Somoni Peak,Which country is home to the highest peak in the mountain range where Fedchenko Glacier is located?,Tajikistan,What is the capital city of the country that is home to the highest peak in the mountain range where Fedchenko Glacier is located?,Dushanbe,Which river flows through the capital city of the country that is home to the highest peak in the mountain range where Fedchenko Glacier is located?,Varzob River,"Into which larger river does the river that flows through the capital city of the country, home to the highest peak in the mountain range where Fedchenko Glacier is located, eventually flow?",Amu Darya
geography_glacier,Haupapa / Tasman Glacier,mountain range,Southern Alps / Kā Tiritiri o te Moana,What is the mountain range of Haupapa / Tasman Glacier?,Tasman,0.0,"['Southern Alps / Kā Tiritiri o te Moana', 'Tasman', 'Rocky Mountains', 'Andes']",Which mountain range is Haupapa / Tasman Glacier part of?,A. Tasman  B. Rocky Mountains  C. Southern Alps / Kā Tiritiri o te Moana  D. Andes,C,Is the mountain range of Haupapa / Tasman Glacier the Southern Alps / Kā Tiritiri o te Moana?,Is the mountain range of Haupapa / Tasman Glacier the Tasman?,What is a well-known feature of the Haupapa / Tasman Glacier?,Which glacier is part of the Southern Alps / Kā Tiritiri o te Moana?,What is the highest peak in the mountain range where Haupapa / Tasman Glacier is located?,Aoraki / Mount Cook,What is the elevation of the highest peak in the mountain range where Haupapa / Tasman Glacier is located?,"3,724 meters",Which national park contains the highest peak in the mountain range where Haupapa / Tasman Glacier is located?,Aoraki / Mount Cook National Park,In which island of New Zealand is the national park located that contains the highest peak in the mountain range where Haupapa / Tasman Glacier is located?,South Island,Which ocean is closest to the island where the national park is located that contains the highest peak in the mountain range where Haupapa / Tasman Glacier is located?,Pacific Ocean
geography_glacier,Haupapa / Tasman Glacier,named after,Abel Tasman,Who was Haupapa / Tasman Glacier named after?,Haupapa / Tasman Glacier was named after the Maori,0.0,"['Abel Tasman', 'Haupapa / Tasman Glacier was named after the Maori', 'James Cook', 'Edmund Hillary']",Who is the namesake of Haupapa / Tasman Glacier?,A. James Cook  B. Edmund Hillary  C. Abel Tasman  D. Haupapa / Tasman Glacier was named after the Maori,C,Was Haupapa / Tasman Glacier named after Abel Tasman?,Was Haupapa / Tasman Glacier named after the Maori?,What is a notable feature of Haupapa / Tasman Glacier?,Which glacier is named after Abel Tasman?,Who is the person that the Haupapa / Tasman Glacier is named after?,Abel Tasman,What nationality was the person that the Haupapa / Tasman Glacier is named after?,Dutch,"Which country did the Dutch person, after whom the Haupapa / Tasman Glacier is named, explore?",New Zealand,"In which year did the Dutch explorer, after whom the Haupapa / Tasman Glacier is named, first sight New Zealand?",1642,"Which ocean did the Dutch explorer, after whom the Haupapa / Tasman Glacier is named, cross to reach New Zealand?",Pacific Ocean
geography_glacier,Fox Glacier / Te Moeka o Tuawe,located in protected area,Westland Tai Poutini National Park,What is the located in protected area of Fox Glacier / Te Moeka o Tuawe?,Lake Mathieson,0.0,"['Westland Tai Poutini National Park', 'Lake Mathieson', 'Aoraki / Mount Cook National Park', 'Fiordland National Park']",Which protected area is Fox Glacier / Te Moeka o Tuawe located in?,A. Fiordland National Park  B. Aoraki / Mount Cook National Park  C. Westland Tai Poutini National Park  D. Lake Mathieson,C,Is Fox Glacier / Te Moeka o Tuawe located in Westland Tai Poutini National Park?,Is Fox Glacier / Te Moeka o Tuawe located in Lake Mathieson?,What is a famous feature of Fox Glacier / Te Moeka o Tuawe?,Which glacier is located in Westland Tai Poutini National Park?,What is the name of the national park where Fox Glacier / Te Moeka o Tuawe is located?,Westland Tai Poutini National Park,Which island of New Zealand is Westland Tai Poutini National Park located on?,South Island,What is the largest city on the South Island of New Zealand?,Christchurch,Which university is located in the largest city on the South Island of New Zealand?,University of Canterbury,In which year was the University of Canterbury founded?,1873
geography_glacier,Rosenlaui Glacier,located in the administrative territorial entity,Bern,What is the located in the administrative territorial entity of Rosenlaui Glacier?,Rosenlaui,0.0,"['Bern', 'Rosenlaui', 'Zurich', 'Geneva']",In which administrative territorial entity is Rosenlaui Glacier located?,A. Geneva  B. Rosenlaui  C. Zurich  D. Bern,D,Is Bern the administrative territorial entity where Rosenlaui Glacier is located?,Is Rosenlaui the administrative territorial entity where Rosenlaui Glacier is located?,What is a famous attribute or feature of Rosenlaui Glacier?,Which glacier is located in the administrative territorial entity of Bern?,What is the capital of the administrative territorial entity where Rosenlaui Glacier is located?,Bern,Which river flows through the capital of the administrative territorial entity where Rosenlaui Glacier is located?,Aare,What is the length of the river that flows through the capital of the administrative territorial entity where Rosenlaui Glacier is located?,295 kilometers,Into which body of water does the river that flows through the capital of the administrative territorial entity where Rosenlaui Glacier is located empty?,Rhine,In which country is the body of water located into which the river that flows through the capital of the administrative territorial entity where Rosenlaui Glacier is located empties?,Germany
geography_glacier,Fox Glacier / Te Moeka o Tuawe,named after,William Fox,Who was Fox Glacier / Te Moeka o Tuawe named after?,Fox Glacier,0.0,"['William Fox', 'Fox Glacier', 'James Cook', 'Edmund Hillary']",Who is the namesake of Fox Glacier / Te Moeka o Tuawe?,A. Edmund Hillary  B. William Fox  C. Fox Glacier  D. James Cook,B,Was Fox Glacier / Te Moeka o Tuawe named after William Fox?,Was Fox Glacier / Te Moeka o Tuawe named after Fox Glacier?,What is a well-known feature of Fox Glacier / Te Moeka o Tuawe?,Which glacier is named after William Fox?,Who was Fox Glacier / Te Moeka o Tuawe named after?,Sir William Fox,What position did the person Fox Glacier / Te Moeka o Tuawe was named after hold?,Prime Minister of New Zealand,During which years did the person Fox Glacier / Te Moeka o Tuawe was named after serve as Prime Minister of New Zealand?,"1856, 1861-1862, 1869-1872, 1873",Which political party was the person Fox Glacier / Te Moeka o Tuawe was named after associated with?,New Zealand Liberal Party,In which country is the political party that the person Fox Glacier / Te Moeka o Tuawe was named after associated with located?,New Zealand
geography_glacier,Franz Josef Glacier,located in protected area,Westland Tai Poutini National Park,What is the located in protected area of Franz Josef Glacier?,Ice cave,0.0,"['Westland Tai Poutini National Park', 'Ice cave', 'Fiordland National Park', 'Aoraki/Mount Cook National Park']",In which protected area is Franz Josef Glacier located?,A. Westland Tai Poutini National Park  B. Ice cave  C. Fiordland National Park  D. Aoraki/Mount Cook National Park,A,Is Franz Josef Glacier located in Westland Tai Poutini National Park?,Is Franz Josef Glacier located in an Ice cave?,What is a famous feature of Franz Josef Glacier?,Which glacier is located in Westland Tai Poutini National Park?,What is the name of the national park where Franz Josef Glacier is located?,Westland Tai Poutini National Park,Which island of New Zealand is Westland Tai Poutini National Park located on?,South Island,What is the largest city on the South Island of New Zealand?,Christchurch,Which university is located in the largest city on the South Island of New Zealand?,University of Canterbury,In which year was the University of Canterbury founded?,1873
geography_glacier,Mendenhall Glacier,mountain range,Boundary Ranges,What is the mountain range of Mendenhall Glacier?,The mountain range of Mendenhall Glacier is the Juneau Icefield,0.0,"['Boundary Ranges', 'Juneau Icefield', 'Coast Mountains', 'Stikine Icecap']",Which mountain range does Mendenhall Glacier belong to?,A. Coast Mountains  B. Boundary Ranges  C. The mountain range of Mendenhall Glacier is the Juneau Icefield  D. Stikine Icecap,B,Is the mountain range of Mendenhall Glacier the Boundary Ranges?,Is the mountain range of Mendenhall Glacier the Juneau Icefield?,What is a notable feature of the Mendenhall Glacier?,Which glacier is located in the Boundary Ranges?,What is the highest peak in the mountain range where Mendenhall Glacier is located?,Mount Fairweather,Which national park contains the highest peak in the mountain range where Mendenhall Glacier is located?,Glacier Bay National Park and Preserve,In which state is the national park located that contains the highest peak in the mountain range where Mendenhall Glacier is located?,Alaska,Which country is home to the state that contains the national park with the highest peak in the mountain range where Mendenhall Glacier is located?,United States,What is the capital city of the country that is home to the state containing the national park with the highest peak in the mountain range where Mendenhall Glacier is located?,"Washington, D.C."
geography_glacier,Blåmannsisen,country,Norway,What is the country of Blåmannsisen?,Blåmannsisen is not a real country,0.0,"['Norway', 'Blåmannsisen is not a real country', 'Sweden', 'Finland']",Which country is Blåmannsisen located in?,A. Norway  B. Sweden  C. Finland  D. Blåmannsisen is not a real country,A,Is the country of Blåmannsisen Norway?,Is the country of Blåmannsisen Blåmannsisen is not a real country?,What is a famous glacier in Norway?,Which glacier is located in Norway?,What is the capital of the country where Blåmannsisen is located?,Oslo,Which famous landmark is located in the capital of the country where Blåmannsisen is located?,The Royal Palace,Who resides in the famous landmark located in the capital of the country where Blåmannsisen is located?,The Norwegian Royal Family,What is the name of the current monarch of the country where Blåmannsisen is located?,King Harald V,In which year did the current monarch of the country where Blåmannsisen is located ascend to the throne?,1991
geography_glacier,Franz Josef Glacier,mountain range,Southern Alps / Kā Tiritiri o te Moana,What is the mountain range of Franz Josef Glacier?,West Coast Range,0.0,"['Southern Alps / Kā Tiritiri o te Moana', 'West Coast Range', 'Rocky Mountains', 'Andes']",Which mountain range is Franz Josef Glacier part of?,A. Southern Alps / Kā Tiritiri o te Moana  B. Rocky Mountains  C. Andes  D. West Coast Range,A,Is the mountain range of Franz Josef Glacier the Southern Alps / Kā Tiritiri o te Moana?,Is the mountain range of Franz Josef Glacier the West Coast Range?,In which country is Franz Josef Glacier located?,Which glacier is part of the Southern Alps / Kā Tiritiri o te Moana?,What is the highest peak in the mountain range where Franz Josef Glacier is located?,Aoraki / Mount Cook,Which national park is the highest peak in the mountain range where Franz Josef Glacier is located situated in?,Aoraki / Mount Cook National Park,Which island is the national park that contains the highest peak in the mountain range where Franz Josef Glacier is located on?,South Island,Which country is the island located in that contains the national park with the highest peak in the mountain range where Franz Josef Glacier is located?,New Zealand,What is the capital city of the country where the island is located that contains the national park with the highest peak in the mountain range where Franz Josef Glacier is located?,Wellington
geography_glacier,Franz Josef Glacier,named after,Franz Joseph I of Austria,Who was Franz Josef Glacier named after?,Franz Josef Glacier,0.0,"['Franz Joseph I of Austria', 'Franz Josef Glacier', 'Queen Victoria', 'Napoleon Bonaparte']",After whom was Franz Josef Glacier named?,A. Queen Victoria  B. Franz Joseph I of Austria  C. Napoleon Bonaparte  D. Franz Josef Glacier,B,Was Franz Josef Glacier named after Franz Joseph I of Austria?,Was Franz Josef Glacier named after Franz Josef Glacier?,Where is Franz Josef Glacier located?,Which glacier was named after Franz Joseph I of Austria?,Who was Franz Josef Glacier named after?,Franz Joseph I of Austria,Who was the spouse of the person after whom Franz Josef Glacier was named?,Empress Elisabeth of Austria,What was the birthplace of the spouse of the person after whom Franz Josef Glacier was named?,Munich,In which country is the birthplace of the spouse of the person after whom Franz Josef Glacier was named located?,Germany,What is the official language of the country where the birthplace of the spouse of the person after whom Franz Josef Glacier was named is located?,German
geography_glacier,Mendenhall Glacier,located in the administrative territorial entity,Alaska,What is the located in the administrative territorial entity of Mendenhall Glacier?,Juneau,0.0,"['Alaska', 'Juneau', 'British Columbia', 'Yukon']",In which administrative territorial entity is Mendenhall Glacier located?,A. British Columbia  B. Yukon  C. Alaska  D. Juneau,C,Is Mendenhall Glacier located in the administrative territorial entity of Alaska?,Is Mendenhall Glacier located in the administrative territorial entity of Juneau?,What is a famous natural feature of Mendenhall Glacier?,What glacier is located in the administrative territorial entity of Alaska?,What is the capital city of the administrative territorial entity where Mendenhall Glacier is located?,Juneau,Which state is the capital city of the administrative territorial entity where Mendenhall Glacier is located in?,Alaska,What is the largest city in the state where the capital city of the administrative territorial entity that Mendenhall Glacier is located in?,Anchorage,Which borough is the largest city in the state where the capital city of the administrative territorial entity that Mendenhall Glacier is located in?,Anchorage Borough,What is the population of the borough that contains the largest city in the state where the capital city of the administrative territorial entity that Mendenhall Glacier is located in?,"291,247"
geography_glacier,Taylor Glacier,named after,Thomas Griffith Taylor,Who was Taylor Glacier named after?,Taylor Glacier,0.0,"['Thomas Griffith Taylor', 'Taylor Glacier', 'Robert Falcon Scott', 'Ernest Shackleton']",After whom was Taylor Glacier named?,A. Thomas Griffith Taylor  B. Robert Falcon Scott  C. Ernest Shackleton  D. Taylor Glacier,A,Was Taylor Glacier named after Thomas Griffith Taylor?,Was Taylor Glacier named after Taylor Glacier?,Where is Taylor Glacier located?,Which glacier was named after Thomas Griffith Taylor?,Who was Taylor Glacier named after?,Griffith Taylor,What was the profession of the person Taylor Glacier was named after?,Geologist,Which university did the geologist after whom Taylor Glacier was named work at?,University of Sydney,In which country is the university located where the geologist after whom Taylor Glacier was named worked?,Australia,What is the capital city of the country where the university is located that employed the geologist after whom Taylor Glacier was named?,Canberra
geography_glacier,Mendenhall Glacier,named after,Thomas Corwin Mendenhall,Who was Mendenhall Glacier named after?,Mendenhall Glacier,0.0,"['Thomas Corwin Mendenhall', 'Mendenhall Glacier', 'John Muir', 'Robert Frost']",After whom was Mendenhall Glacier named?,A. Robert Frost  B. Thomas Corwin Mendenhall  C. Mendenhall Glacier  D. John Muir,B,Was Mendenhall Glacier named after Thomas Corwin Mendenhall?,Was Mendenhall Glacier named after Mendenhall Glacier?,Where is Mendenhall Glacier located?,Which glacier was named after Thomas Corwin Mendenhall?,Who is the Mendenhall Glacier named after?,Thomas Corwin Mendenhall,What was the profession of the person after whom Mendenhall Glacier is named?,Physicist and meteorologist,Which institution did the physicist and meteorologist after whom Mendenhall Glacier is named work for?,United States Coast and Geodetic Survey,In which year did the physicist and meteorologist after whom Mendenhall Glacier is named start working for the United States Coast and Geodetic Survey?,1889,Who was the president of the United States when the physicist and meteorologist after whom Mendenhall Glacier is named started working for the United States Coast and Geodetic Survey?,Benjamin Harrison
geography_glacier,Otemma Glacier,mountain range,Pennine Alps,What is the mountain range of Otemma Glacier?,The mountain range of Otemma Glacier is the Alps,0.0,"['Pennine Alps', 'The Alps', 'Rocky Mountains', 'Himalayas']",Which mountain range does the Otemma Glacier belong to?,A. Rocky Mountains  B. Himalayas  C. The mountain range of Otemma Glacier is the Alps  D. Pennine Alps,D,Is the mountain range of Otemma Glacier the Pennine Alps?,Is the mountain range of Otemma Glacier the Alps?,What is a notable feature of the Otemma Glacier?,Which glacier is located in the Pennine Alps?,What is the highest peak in the mountain range where Otemma Glacier is located?,Dufourspitze,Which country is home to the highest peak in the mountain range where Otemma Glacier is located?,Switzerland,What is the official language of the country that is home to the highest peak in the mountain range where Otemma Glacier is located?,German,What is the population of the country where the official language is German and which is home to the highest peak in the mountain range where Otemma Glacier is located?,Approximately 8.5 million,"What is the capital city of the country with a population of approximately 8.5 million, where the official language is German, and which is home to the highest peak in the mountain range where Otemma Glacier is located?",Bern
geography_glacier,Taylor Glacier,mouth of the watercourse,Lake Bonney,What is the mouth of the watercourse of Taylor Glacier?,Taylor Glacier,0.0,"['Lake Bonney', 'Taylor Glacier', 'Lake Vostok', 'Ross Sea']",Where does the watercourse of Taylor Glacier end?,A. Taylor Glacier  B. Ross Sea  C. Lake Vostok  D. Lake Bonney,D,Is the mouth of the watercourse of Taylor Glacier Lake Bonney?,Is the mouth of the watercourse of Taylor Glacier Taylor Glacier?,What is a notable feature of Taylor Glacier?,What glacier has its watercourse ending in Lake Bonney?,What is the name of the lake at the mouth of the watercourse of Taylor Glacier?,Lake Bonney,In which region is the lake located that is at the mouth of the watercourse of Taylor Glacier?,McMurdo Dry Valleys,Which continent contains the region where the lake is located that is at the mouth of the watercourse of Taylor Glacier?,Antarctica,What is the name of the research station closest to the region where the lake is located that is at the mouth of the watercourse of Taylor Glacier?,McMurdo Station,Which country operates the research station closest to the region where the lake is located that is at the mouth of the watercourse of Taylor Glacier?,United States
geography_glacier,Torfajökull,time period,Pleistocene,What is the time period of Torfajökull?,"Torfajökull's time period is 10,0",0.0,"['Pleistocene', ""Torfajökull's time period is 10,0"", 'Holocene', 'Miocene']",During which time period did Torfajökull form?,"A. Holocene  B. Torfajökull's time period is 10,0  C. Pleistocene  D. Miocene",C,Is the time period of Torfajökull the Pleistocene?,"Is the time period of Torfajökull 10,0?",What type of geological feature is Torfajökull known for?,Which volcano formed during the Pleistocene?,During which geological period did the formation of Torfajökull occur?,Pleistocene,What major climatic event occurred during the geological period when Torfajökull was formed?,Last Glacial Maximum,Which species of large mammals went extinct around the time of the major climatic event that occurred during the geological period when Torfajökull was formed?,Woolly Mammoth,In which region were the large mammals that went extinct around the time of the major climatic event during the geological period when Torfajökull was formed primarily found?,Northern Hemisphere,Which modern-day country in the Northern Hemisphere was part of the range of the large mammals that went extinct around the time of the major climatic event during the geological period when Torfajökull was formed?,Russia
geography_glacier,Glacier du Tour,located in the administrative territorial entity,Chamonix-Mont-Blanc,What is the located in the administrative territorial entity of Glacier du Tour?,Glacier,0.0,"['Chamonix-Mont-Blanc', 'Glacier', 'Mont Blanc', 'Haute-Savoie']",In which administrative territorial entity is Glacier du Tour located?,A. Chamonix-Mont-Blanc  B. Haute-Savoie  C. Mont Blanc  D. Glacier,A,Is Glacier du Tour located in the administrative territorial entity of Chamonix-Mont-Blanc?,Is Glacier du Tour located in the administrative territorial entity of Glacier?,What is a famous mountain near Glacier du Tour?,Which glacier is located in the administrative territorial entity of Chamonix-Mont-Blanc?,What is the capital of the administrative territorial entity where Glacier du Tour is located?,Annecy,Which river flows through the capital of the administrative territorial entity where Glacier du Tour is located?,Thiou,Into which lake does the river that flows through the capital of the administrative territorial entity where Glacier du Tour is located empty?,Lake Annecy,What is the surface area of the lake into which the river that flows through the capital of the administrative territorial entity where Glacier du Tour is located empties?,27.59 km²,In which country is the lake located that has a surface area of 27.59 km² and receives water from the river flowing through the capital of the administrative territorial entity where Glacier du Tour is located?,France
geography_glacier,Torfajökull,made from material,rhyolite,What is the made from material of Torfajökull?,Lava,0.0,"['rhyolite', 'Lava', 'basalt', 'andesite']",From what material is Torfajökull made?,A. Lava  B. rhyolite  C. andesite  D. basalt,B,Is Torfajökull made from rhyolite?,Is Torfajökull made from Lava?,Where is Torfajökull located?,What is made from rhyolite?,What type of rock is the material that Torfajökull is made from?,Rhyolite,What is the primary mineral found in the type of rock that Torfajökull is made from?,Quartz,What is the chemical formula of the primary mineral found in the type of rock that Torfajökull is made from?,SiO2,What is the crystal system of the mineral with the chemical formula SiO2 found in the type of rock that Torfajökull is made from?,Hexagonal,What is the hardness on the Mohs scale of the mineral with the hexagonal crystal system found in the type of rock that Torfajökull is made from?,7
geography_glacier,Lister Glacier,mountain range,Royal Society Range,What is the mountain range of Lister Glacier?,Antarctica,0.0,"['Royal Society Range', 'Antarctica', 'Transantarctic Mountains', 'Ellsworth Mountains']",Which mountain range is Lister Glacier part of?,A. Royal Society Range  B. Antarctica  C. Ellsworth Mountains  D. Transantarctic Mountains,A,Is the mountain range of Lister Glacier the Royal Society Range?,Is the mountain range of Lister Glacier Antarctica?,In which continent is Lister Glacier located?,Which glacier is part of the Royal Society Range?,What is the highest peak in the mountain range where Lister Glacier is located?,Mount Elbert,Which national forest is the highest peak in the mountain range where Lister Glacier is located part of?,San Isabel National Forest,Which state is the national forest located in that contains the highest peak in the mountain range where Lister Glacier is located?,Colorado,Which country is the state located in that contains the national forest with the highest peak in the mountain range where Lister Glacier is located?,United States,What is the capital city of the country where the state is located that contains the national forest with the highest peak in the mountain range where Lister Glacier is located?,"Washington, D.C."
geography_glacier,Fryingpan Glacier,located in the administrative territorial entity,Washington,What is the located in the administrative territorial entity of Fryingpan Glacier?,Fryingpan Glacier,0.0,"['Washington', 'Fryingpan Glacier', 'Oregon', 'California']",In which administrative territorial entity is Fryingpan Glacier located?,A. Washington  B. Oregon  C. Fryingpan Glacier  D. California,A,Is Fryingpan Glacier located in the administrative territorial entity of Washington?,Is Fryingpan Glacier located in the administrative territorial entity of Fryingpan Glacier?,What is a well-known feature of Fryingpan Glacier?,What glacier is located in the administrative territorial entity of Washington?,What is the capital of the administrative territorial entity where Fryingpan Glacier is located?,Olympia,Which county is the capital of the administrative territorial entity where Fryingpan Glacier is located in?,Thurston County,What is the population of the county where the capital of the administrative territorial entity that contains Fryingpan Glacier is located?,"Approximately 290,000",What is the name of the largest city in the county where the capital of the administrative territorial entity that contains Fryingpan Glacier is located?,Olympia,What is the name of the school district that serves the largest city in the county where the capital of the administrative territorial entity that contains Fryingpan Glacier is located?,Olympia School District
geography_glacier,Suiattle Glacier,located in the administrative territorial entity,Washington,What is the located in the administrative territorial entity of Suiattle Glacier?,Suiattle Glacier,0.0,"['Washington', 'Suiattle Glacier', 'Oregon', 'California']",In which administrative territorial entity is Suiattle Glacier located?,A. Suiattle Glacier  B. Washington  C. Oregon  D. California,B,Is Suiattle Glacier located in the administrative territorial entity of Washington?,Is Suiattle Glacier located in the administrative territorial entity of Suiattle Glacier?,What is a well-known mountain range near Suiattle Glacier?,What glacier is located in the administrative territorial entity of Washington?,What is the county where Suiattle Glacier is located?,Skagit County,What is the state where the county that contains Suiattle Glacier is located?,Washington,What is the country where the state that contains the county where Suiattle Glacier is located?,United States,What is the continent where the country that contains the state where the county that contains Suiattle Glacier is located?,North America,What is the largest ocean bordering the continent where the country that contains the state where the county that contains Suiattle Glacier is located?,Pacific Ocean
geography_glacier,Brady Glacier,terminus,sea level,What is the terminus of Brady Glacier?,Brady Glacier terminus: McCarthy,0.0,"['sea level', 'Brady Glacier terminus: McCarthy', 'mountain peak', 'river delta']",Where does Brady Glacier end?,A. Brady Glacier terminus: McCarthy  B. mountain peak  C. sea level  D. river delta,C,Is the terminus of Brady Glacier at sea level?,Is the terminus of Brady Glacier at Brady Glacier terminus: McCarthy?,In which state is Brady Glacier located?,What glacier has its terminus at sea level?,What is the name of the body of water at the terminus of Brady Glacier?,Taylor Bay,Which national park is near the body of water at the terminus of Brady Glacier?,Glacier Bay National Park and Preserve,In which state is the national park located that is near the body of water at the terminus of Brady Glacier?,Alaska,Which country is the state located in that contains the national park near the body of water at the terminus of Brady Glacier?,United States,What is the capital city of the country where the state is located that contains the national park near the body of water at the terminus of Brady Glacier?,"Washington, D.C."
geography_glacier,Palisade Glacier,located in the administrative territorial entity,California,What is the located in the administrative territorial entity of Palisade Glacier?,Palisade Glacier,0.0,"['California', 'Palisade Glacier', 'Nevada', 'Oregon']",In which administrative territorial entity is Palisade Glacier located?,A. Nevada  B. Oregon  C. Palisade Glacier  D. California,D,Is Palisade Glacier located in the administrative territorial entity of California?,Is Palisade Glacier located in the administrative territorial entity of Palisade Glacier?,What is a well-known feature of Palisade Glacier?,Where is California located in relation to Palisade Glacier?,What is the county where Palisade Glacier is located?,Inyo County,What is the state where the county that contains Palisade Glacier is located?,California,What is the country where the state that contains the county where Palisade Glacier is located?,United States,What is the continent where the country that contains the state where the county that contains Palisade Glacier is located?,North America,What is the largest ocean bordering the continent where the country that contains the state where the county that contains Palisade Glacier is located?,Pacific Ocean
geography_glacier,Brady Glacier,located in the administrative territorial entity,Alaska,What is the located in the administrative territorial entity of Brady Glacier?,McMurdo Station,0.0,"['Alaska', 'McMurdo Station', 'Greenland', 'Antarctica']",In which administrative territorial entity is Brady Glacier located?,A. Antarctica  B. Alaska  C. McMurdo Station  D. Greenland,B,Is Brady Glacier located in the administrative territorial entity of Alaska?,Is Brady Glacier located in the administrative territorial entity of McMurdo Station?,What is a well-known feature of Brady Glacier?,What glacier is located in the administrative territorial entity of Alaska?,What is the capital of the administrative territorial entity where Brady Glacier is located?,Juneau,Which country is the capital of the administrative territorial entity where Brady Glacier is located in?,United States,Who is the current president of the country where the capital of the administrative territorial entity that contains Brady Glacier is located?,Joe Biden,What is the political party of the current president of the country where the capital of the administrative territorial entity that contains Brady Glacier is located?,Democratic Party,Who was the predecessor of the current president of the country where the capital of the administrative territorial entity that contains Brady Glacier is located?,Donald Trump
geography_glacier,Nisqually Glacier,located in the administrative territorial entity,Washington,What is the located in the administrative territorial entity of Nisqually Glacier?,Nisqually Glacier,0.0,"['Washington', 'Nisqually Glacier', 'Oregon', 'California']",In which administrative territorial entity is Nisqually Glacier located?,A. Oregon  B. California  C. Washington  D. Nisqually Glacier,C,Is Nisqually Glacier located in Washington?,Is Nisqually Glacier located in Nisqually Glacier?,What is a well-known feature of Nisqually Glacier?,Which glacier is located in Washington?,Which national park is the Nisqually Glacier located in?,Mount Rainier National Park,In which state is Mount Rainier National Park located?,Washington,What is the capital city of the state where Mount Rainier National Park is located?,Olympia,Which county is the capital city of the state where Mount Rainier National Park is located in?,Thurston County,What is the population of the county where the capital city of the state containing Mount Rainier National Park is located?,"Approximately 290,000"
geography_glacier,Coleman Glacier,located in the administrative territorial entity,Washington,What is the located in the administrative territorial entity of Coleman Glacier?,McMurdo Station,0.0,"['Washington', 'McMurdo Station', 'Alaska', 'Oregon']",In which administrative territorial entity is Coleman Glacier located?,A. Oregon  B. McMurdo Station  C. Washington  D. Alaska,C,Is Coleman Glacier located in the administrative territorial entity of Washington?,Is Coleman Glacier located in the administrative territorial entity of McMurdo Station?,What mountain range is Coleman Glacier a part of?,Which glacier is located in the administrative territorial entity of Washington?,What is the county where Coleman Glacier is located?,Whatcom County,What is the largest city in the county where Coleman Glacier is located?,Bellingham,Which university is located in the largest city of the county where Coleman Glacier is located?,Western Washington University,What is the mascot of the university located in the largest city of the county where Coleman Glacier is located?,Victor E. Viking,"In which athletic conference does the university's mascot, Victor E. Viking, participate?",Great Northwest Athletic Conference
geography_glacier,Muldrow Glacier,mountain range,Alaska Range,What is the mountain range of Muldrow Glacier?,The mountain range of Muldrow Glacier is the Wrangell,0.0,"['Alaska Range', 'The mountain range of Muldrow Glacier is the Wrangell', 'Rocky Mountains', 'Brooks Range']",Which mountain range does Muldrow Glacier belong to?,A. The mountain range of Muldrow Glacier is the Wrangell  B. Alaska Range  C. Brooks Range  D. Rocky Mountains,B,Is the mountain range of Muldrow Glacier the Alaska Range?,Is the mountain range of Muldrow Glacier the Wrangell?,What is a notable feature of the Muldrow Glacier?,Which glacier is part of the Alaska Range?,What is the highest peak in the mountain range that Muldrow Glacier is part of?,Denali,Who was the first person to successfully summit the highest peak in the mountain range that Muldrow Glacier is part of?,Hudson Stuck,In which year did the first person successfully summit the highest peak in the mountain range that Muldrow Glacier is part of?,1913,Which national park encompasses the mountain range that includes Muldrow Glacier?,Denali National Park and Preserve,In which U.S. state is the national park located that encompasses the mountain range including Muldrow Glacier?,Alaska
geography_glacier,Carbon Glacier,located in the administrative territorial entity,Washington,What is the located in the administrative territorial entity of Carbon Glacier?,Carbon Glacier,0.0,"['Washington', 'Carbon Glacier', 'Oregon', 'California']",In which administrative territorial entity is Carbon Glacier located?,A. Oregon  B. Carbon Glacier  C. California  D. Washington,D,Is Carbon Glacier located in the administrative territorial entity of Washington?,Is Carbon Glacier located in the administrative territorial entity of Carbon Glacier?,What is the highest peak in the state where Carbon Glacier is located?,What glacier is located in the administrative territorial entity of Washington?,What is the capital of the administrative territorial entity where Carbon Glacier is located?,Olympia,Which county is the capital of the administrative territorial entity where Carbon Glacier is located in?,Thurston County,What is the population of the county where the capital of the administrative territorial entity that Carbon Glacier is located in?,"Approximately 290,000",What is the name of the largest city in the county where the capital of the administrative territorial entity that Carbon Glacier is located in?,Olympia,What is the area of the largest city in the county where the capital of the administrative territorial entity that Carbon Glacier is located in?,19.68 square miles
geography_glacier,Susitna Glacier,located in the administrative territorial entity,Alaska,What is the located in the administrative territorial entity of Susitna Glacier?,Susitna,0.0,"['Alaska', 'Susitna', 'Yukon', 'British Columbia']",In which administrative territorial entity is Susitna Glacier located?,A. Alaska  B. British Columbia  C. Susitna  D. Yukon,A,Is Susitna Glacier located in the administrative territorial entity of Alaska?,Is Susitna Glacier located in the administrative territorial entity of Susitna?,What is a well-known feature of Susitna Glacier?,What glacier is located in the administrative territorial entity of Alaska?,What is the capital of the administrative territorial entity where Susitna Glacier is located?,Juneau,Which country is the capital of the administrative territorial entity where Susitna Glacier is located in?,United States,Who is the current president of the country where the capital of the administrative territorial entity that Susitna Glacier is located in?,Joe Biden,What is the birth state of the current president of the country where the capital of the administrative territorial entity that Susitna Glacier is located in?,Pennsylvania,What is the largest city in the birth state of the current president of the country where the capital of the administrative territorial entity that Susitna Glacier is located in?,Philadelphia
geography_glacier,Sperry Glacier,located in protected area,Glacier National Park,What is the located in protected area of Sperry Glacier?,Lake,0.0,"['Glacier National Park', 'Lake', 'Yellowstone National Park', 'Rocky Mountain National Park']",In which protected area is Sperry Glacier located?,A. Lake  B. Rocky Mountain National Park  C. Yellowstone National Park  D. Glacier National Park,D,Is Sperry Glacier located in Glacier National Park?,Is Sperry Glacier located in Lake?,What is a well-known feature of Sperry Glacier?,Which glacier is located in Glacier National Park?,Which national park is Sperry Glacier located in?,Glacier National Park,In which state is Glacier National Park located?,Montana,What is the capital city of the state where Glacier National Park is located?,Helena,Which river runs through the capital city of the state where Glacier National Park is located?,Missouri River,Into which larger body of water does the river that runs through the capital city of the state where Glacier National Park is located eventually flow?,Gulf of Mexico
geography_glacier,Sperry Glacier,located in the administrative territorial entity,Montana,What is the located in the administrative territorial entity of Sperry Glacier?,Sperry Glacier,0.0,"['Montana', 'Sperry Glacier', 'Wyoming', 'Idaho']",In which administrative territorial entity is Sperry Glacier located?,A. Wyoming  B. Idaho  C. Montana  D. Sperry Glacier,C,Is Sperry Glacier located in the administrative territorial entity of Montana?,Is Sperry Glacier located in the administrative territorial entity of Sperry Glacier?,What national park is Sperry Glacier a part of?,What glacier is located in the administrative territorial entity of Montana?,What is the capital of the administrative territorial entity where Sperry Glacier is located?,Helena,Which county is the capital of the administrative territorial entity where Sperry Glacier is located in?,Lewis and Clark County,What is the population of the county where the capital of the administrative territorial entity that contains Sperry Glacier is located?,"69,432",What is the area in square miles of the county where the capital of the administrative territorial entity that contains Sperry Glacier is located?,"3,675 square miles",What is the name of the national forest that is partially located in the county where the capital of the administrative territorial entity that contains Sperry Glacier is located?,Helena National Forest
geography_glacier,Guyot Glacier,named after,Arnaud Henri Guyot,Who was Guyot Glacier named after?,Guyot Glacier - Jean-Baptiste Guyot,0.0,"['Arnaud Henri Guyot', 'Jean-Baptiste Guyot', 'Louis Agassiz', 'John Muir']",Who is the namesake of Guyot Glacier?,A. Louis Agassiz  B. Arnaud Henri Guyot  C. John Muir  D. Guyot Glacier - Jean-Baptiste Guyot,B,Was Guyot Glacier named after Arnaud Henri Guyot?,Was Guyot Glacier named after Jean-Baptiste Guyot?,What type of geographical feature is Guyot Glacier?,Which glacier was named after Arnaud Henri Guyot?,Who was the Guyot Glacier named after?,Arnold Henry Guyot,What was the profession of the person after whom Guyot Glacier was named?,Geographer,Which university did the geographer after whom Guyot Glacier was named work at?,Princeton University,In which state is the university located where the geographer after whom Guyot Glacier was named worked?,New Jersey,In which country is the state located where the university is situated that employed the geographer after whom Guyot Glacier was named?,United States
geography_glacier,Guyot Glacier,located in the administrative territorial entity,Alaska,What is the located in the administrative territorial entity of Guyot Glacier?,Research Station,0.0,"['Alaska', 'Research Station', 'Yukon', 'British Columbia']",In which administrative territorial entity is Guyot Glacier located?,A. Research Station  B. British Columbia  C. Yukon  D. Alaska,D,Is Guyot Glacier located in the administrative territorial entity of Alaska?,Is Guyot Glacier located in the administrative territorial entity of Research Station?,What is a well-known mountain range in the region where Guyot Glacier is located?,Where is Alaska located in relation to Guyot Glacier?,What is the capital of the administrative territorial entity where Guyot Glacier is located?,Juneau,Which country is the capital of the administrative territorial entity where Guyot Glacier is located in?,United States,Who is the current president of the country where the capital of the administrative territorial entity that contains Guyot Glacier is located?,Joe Biden,What is the birth state of the current president of the country where the capital of the administrative territorial entity that contains Guyot Glacier is located?,Pennsylvania,What is the largest city in the birth state of the current president of the country where the capital of the administrative territorial entity that contains Guyot Glacier is located?,Philadelphia
geography_glacier,Guyot Glacier,located in protected area,Wrangell–St. Elias National Park and Preserve,What is the located in protected area of Guyot Glacier?,Ice cave,0.0,"['Wrangell–St. Elias National Park and Preserve', 'Ice cave', 'Denali National Park', 'Glacier Bay National Park']",In which protected area is Guyot Glacier located?,A. Denali National Park  B. Wrangell–St. Elias National Park and Preserve  C. Glacier Bay National Park  D. Ice cave,B,Is Guyot Glacier located in Wrangell–St. Elias National Park and Preserve?,Is Guyot Glacier located in an Ice cave?,What is a notable feature of Guyot Glacier?,Which glacier is located in Wrangell–St. Elias National Park and Preserve?,Which national park is the Guyot Glacier located in?,Wrangell-St. Elias National Park and Preserve,In which state is the national park located that contains the Guyot Glacier?,Alaska,Which country is the state located in that contains the national park where the Guyot Glacier is situated?,United States,What is the capital city of the country where the state is located that contains the national park with the Guyot Glacier?,"Washington, D.C.",Which river flows through the capital city of the country where the state is located that contains the national park with the Guyot Glacier?,Potomac River
geography_glacier,South Cascade Glacier,located in the administrative territorial entity,Washington,What is the located in the administrative territorial entity of South Cascade Glacier?,South Cascade Glacier,0.0,"['Washington', 'South Cascade Glacier', 'Oregon', 'California']",In which administrative territorial entity is South Cascade Glacier located?,A. Oregon  B. Washington  C. South Cascade Glacier  D. California,B,Is South Cascade Glacier located in the administrative territorial entity of Washington?,Is South Cascade Glacier located in the administrative territorial entity of South Cascade Glacier?,What is a well-known feature of South Cascade Glacier?,Which glacier is located in the administrative territorial entity of Washington?,Which national park is the South Cascade Glacier located in?,North Cascades National Park,In which state is the national park located that contains the South Cascade Glacier?,Washington,What is the capital city of the state where the national park containing the South Cascade Glacier is located?,Olympia,Which county is the capital city of the state where the national park containing the South Cascade Glacier is located in?,Thurston County,What is the population of the county where the capital city of the state containing the national park with the South Cascade Glacier is located?,"Approximately 290,000"
geography_glacier,Denton Glacier,mountain range,Asgard Range,What is the mountain range of Denton Glacier?,Denali,0.0,"['Asgard Range', 'Denali', 'Himalayas', 'Rocky Mountains']",Which mountain range is Denton Glacier part of?,A. Rocky Mountains  B. Himalayas  C. Denali  D. Asgard Range,D,Is the mountain range of Denton Glacier the Asgard Range?,Is the mountain range of Denton Glacier Denali?,What continent is Denton Glacier located on?,Which glacier is part of the Asgard Range?,Which continent is the mountain range that includes Denton Glacier located on?,Antarctica,What is the name of the highest peak in the mountain range that includes Denton Glacier?,Mount Erebus,Which volcanic activity is associated with the highest peak in the mountain range that includes Denton Glacier?,Active volcano,Which research station is closest to the highest peak in the mountain range that includes Denton Glacier?,McMurdo Station,Which country operates the research station closest to the highest peak in the mountain range that includes Denton Glacier?,United States
geography_glacier,Queets Glacier,located in protected area,Olympic National Park,What is the located in protected area of Queets Glacier?,Lake,0.0,"['Olympic National Park', 'Lake', 'Mount Rainier National Park', 'Yellowstone National Park']",In which protected area is Queets Glacier located?,A. Yellowstone National Park  B. Mount Rainier National Park  C. Olympic National Park  D. Lake,C,Is Queets Glacier located in Olympic National Park?,Is Queets Glacier located in Lake?,What is a notable feature of Queets Glacier?,Which glacier is located in Olympic National Park?,Which national park is the Queets Glacier located in?,Olympic National Park,In which state is the national park located that contains the Queets Glacier?,Washington,Which country is the state located in that contains the national park where the Queets Glacier is situated?,United States,What is the capital city of the country where the state is located that contains the national park with the Queets Glacier?,"Washington, D.C.",Which river flows through the capital city of the country where the state is located that contains the national park with the Queets Glacier?,Potomac River
geography_glacier,Dorrer Glacier,mountain range,Queen Elizabeth Range,Who is the mountain range of Dorrer Glacier?,The mountain range of Dorrer Glacier is the Alps,0.0,"['Queen Elizabeth Range', 'The mountain range of Dorrer Glacier is the Alps', 'Himalayas', 'Rocky Mountains']",What mountain range does Dorrer Glacier belong to?,A. Queen Elizabeth Range  B. Rocky Mountains  C. The mountain range of Dorrer Glacier is the Alps  D. Himalayas,A,Is the mountain range of Dorrer Glacier the Queen Elizabeth Range?,Is the mountain range of Dorrer Glacier the Alps?,What continent is Dorrer Glacier located on?,Which glacier is part of the Queen Elizabeth Range?,What is the highest peak in the mountain range where Dorrer Glacier is located?,Mount Elie de Beaumont,Who was the first person to ascend the highest peak in the mountain range where Dorrer Glacier is located?,Tom Fyfe,In which year did the first ascent of the highest peak in the mountain range where Dorrer Glacier is located take place?,1895,Which country is home to the mountain range where Dorrer Glacier is located?,New Zealand,What is the name of the national park that includes the mountain range where Dorrer Glacier is located?,Aoraki/Mount Cook National Park
geography_glacier,Dufek Massif,mountain range,Pensacola Mountains,What is the mountain range of Dufek Massif?,Dufek Massif - Antarctica,0.0,"['Pensacola Mountains', 'Dufek Massif - Antarctica', 'Transantarctic Mountains', 'Ellsworth Mountains']",Which mountain range does Dufek Massif belong to?,A. Pensacola Mountains  B. Dufek Massif - Antarctica  C. Ellsworth Mountains  D. Transantarctic Mountains,A,Is the mountain range of Dufek Massif the Pensacola Mountains?,Is the mountain range of Dufek Massif the Dufek Massif - Antarctica?,In which continent is Dufek Massif located?,Which massif is part of the Pensacola Mountains?,What is the highest peak in the mountain range that includes Dufek Massif?,Mount Rutford,Who was the first person to ascend the highest peak in the mountain range that includes Dufek Massif?,John Evans,Which university did the first person to ascend the highest peak in the mountain range that includes Dufek Massif attend?,University of Minnesota,In which city is the university located that the first person to ascend the highest peak in the mountain range that includes Dufek Massif attended?,Minneapolis,In which state is the city located where the university is situated that the first person to ascend the highest peak in the mountain range that includes Dufek Massif attended?,Minnesota
geography_glacier,Emmons Glacier,located in the administrative territorial entity,Washington,What is the located in the administrative territorial entity of Emmons Glacier?,McMurdo Station,0.0,"['Washington', 'McMurdo Station', 'Alaska', 'Oregon']",In which administrative territorial entity is Emmons Glacier located?,A. Alaska  B. Washington  C. Oregon  D. McMurdo Station,B,Is Emmons Glacier located in the administrative territorial entity of Washington?,Is Emmons Glacier located in the administrative territorial entity of McMurdo Station?,What is a notable feature of Emmons Glacier?,Where is Washington located in relation to Emmons Glacier?,What is the capital of the administrative territorial entity where Emmons Glacier is located?,Olympia,Which river flows through the capital of the administrative territorial entity where Emmons Glacier is located?,Deschutes River,What is the length of the river that flows through the capital of the administrative territorial entity where Emmons Glacier is located?,50 miles,Into which body of water does the river that flows through the capital of the administrative territorial entity where Emmons Glacier is located empty?,Puget Sound,Which ocean is connected to the body of water into which the river that flows through the capital of the administrative territorial entity where Emmons Glacier is located empties?,Pacific Ocean
